,id,text,Label
0,,I can't believe what was the last chapter of Peaky Blinders Fnlksdasd I am like when I left the cinema after ... https://t.co/O4c3xewgut,
1,,los grammys son min spider man no way home,
2,,"And to this is added that Spiderman brought more bad times to Garfield than any other project.

No way home no ... https://t.co/iqcg2mwzq9",
3,,"I don't understand why Egg want to put Andrew Garfield with more relevance than the one in no Way Home, is T ... https://t.co/vbwyrkxub",
4,,"@BlackBooken @thonymagio17 @Stripmarvel Actually yes and no, since in the post -spiderman's post -wa scene ... https://t.co/j6s0c8wcpn",
5,,Why did watching Spiderman No Way Home make me cry so damn much?????,
6,,"@AltSoggypickles I always appreciated him, I loved the first amazing spiderman movie, the second one has its proble… https://t.co/44x5rzuxgh",
7,,"Now that Spider-Man No Way Home has been out for a while, do you think Mysterio is dead or alive❓

#Mysterio… https://t.co/UGz7zX3Eth",
8,,I can't believe what was the last chapter of Peaky Blinders Fnlksdasd I am like when I left the cinema after t co or c xewgut,
9,,los grammys son min spider man no way home,
10,,And to this is added that Spiderman to trado more bad times to Garfield that any other project no way home no t co iqcg mwzq,
11,,I don't understand why Egg wants to put Andrew Garfield with more relevance that he has in no way home is t t co vbwyrkxub,
12,,BlackBooken Thonymagio stripmarvel actually yes and not since in the post -wa t chords scene no wa t co j s c wcpn,
13,,why    did    watching    spiderman    no    way    home    make    me    cry    so    damn    much,
14,,altsoggypickles    i    always    appreciated    him    i    loved    the    first    amazing    spiderman    movie    the    second    one    has    its    proble    t    co    x    rzuxgh,
15,,now    that    spider    man    no    way    home    has    been    out    for    a    while    do    you    think    mysterio    is    dead    or    alive    mysterio    t    co    ugz    zx    eth,
16,,substance is leon the professional aka the professional pulp fiction american sniper spiderman no way home the godfather,
17,,Yihirm This is like when they asked Andrew Garfield if he was going to go on the Spiderman No Way Home movie,
18,,just    rewatched    spiderman    no    way    home    and    made    my    parents    watch    it    for    the    first    time    still    my    favourite    movie    the    t    co    azbvvzeefr,
19,,t crying seeing spiderman in the way home i am,
20,,hot    take    sonic    the    hedgehog    gt    spiderman    no    way    home,
21,,Paul trqs no in no way home is more pious because the film is less serious that of Spiderman remains mie t co ali mbjdei,
22,,fightontwist    poklanenl    is    it    true    you    lied    about    the    spiderman    no    way    home    release    date,
23,,stereoversion    even    then    that    does    n    t    seem    to    be    enough    for    true    buffs    there    are    so    many    movies    that    did    n    t    get    rec    t    co    ngto    vugq,
24,,screenmix    spiderman    no    way    home,
25,,Morbius's main problem is Spiderman no Way Home try,
26,,well    that    did    n    t    take    long    marvel    scrubbed    the    spiderman    no    way    home    info    from    the    daredevil    profile    that    we    t    co    zodec    xkf,
27,,lmagensfoda q phenix what this is looking like spiderman cracks in the way home t co bksrkl dq,
28,,gilligan spider man no way home,
29,,phasezero forget about spider man no way home trailers it's april and we still have no thor love and thunder trailer,
30,,Here thinking Tom Holland wants to leave Spiderman's role in just when his spiderman finds the path of h t co nvdeua c,
31,,we    ve    been    through    this    with    spiderman    no    way    home    t    co    tbi    skhe    c,
32,,whenbatmenfly    iamnoahflores    they    did    that    for    no    way    home    and    fans    still    found    daredevil    and    where    they    edited    the    other    spiderman    out,
33,,lmao    spiderman    no    way    home    is    so    dumb    lol    im    like    halfway    through,
34,,Impossible that Spiderman no Way Home does not end with a song,
35,,Someone presents me with the digital version of Spider Man on Way Home please,
36,,long    damn    delay    on    this    one    t    co    qlk    hdcguk    spider    man    no    way    home    spoiler    discussion    on    movies    vs    films    spiderman    marvel,
37,,I can't believe that I will see now Spiderman no Way Home and without having made spoilers,
38,,raveryn    amzingshite    no    way    home    is    a    fucking    mess    it    s    fan    service    with    plot    just    people    appearing    from    past    t    co    stnuyifgv,
39,,Spiderman's premiere no was home t co z cbetb B,
40,,"But it is not very ready and sometimes it gives others, the postcredit scenes you will only understand if you have seen the aetfrs",
41,,i    just    watched    spiderman    no    way    home    a    little    late    but    shhh    i    was    waiting    til    i    can    pirate    it    in    hd    but    it    s    been    t    co    en    a    apkh,
42,,There are still people who think that Spiderman no way home is a bad movie but ptdr the catastrophiqui t co nygo rywgr reviews,
43,,millardayo    spiderman    no    way    home,
44,,Rebecavazg Spiderman no Way Home Est Sper entertaining,
45,,Proceeding to the gueration of Spiderman No Way Home and are in a valley of tears,
46,,watching    spiderman    no    way    home    with    my    family    today,
47,,hey    yall    if    you    re    a    big    time    spider    man    fan    like    me    i    highly    recommend    you    go    through    this    amazing    tweet    thread    t    co    itut    umdhx,
48,,pepperoceanna    spiderman    no    way    home    great    movie,
49,,bamagirl    eva    will    be    hard    to    top    spiderman    no    way    home    though,
50,,Squirrel No Way Home could not be popular if it could not be popular Batmanin this kadae nne could not be able to go two would be close t co svejxgp sf,
51,,weekend to watch Spider Man No Way Spider Man movies a new universe and Tobey triloga,
52,,made    a    mistake    when    i    posted    my    spiderman    tweet    mixed    the    movies    up    because    i    m    a    dumbass    shows    what    i    know    about    t    co    eukxw    jbr,
53,,One is the promotional PSter of Spiderman no Way Home in the digital version and the other uses it as a wall background T co Kopghifuoi,
54,,originalfunko    wondercon    life    is    a    beach    especially    when    you    haven    t    released    spiderman    no    way    home    wave    t    co    f    zrzmlgcz,
55,,people tend to forget that surprising audiences by returning characters with no previous anouncements is a marketing t co gatxz l,
56,,ftogive    alipoke    auramaster    well    surprising    audiences    is    a    marketing    tactic    as    well    literally    what    they    did    t    co    w    iyhtuhfz,
57,,not    gon    na    lie    if    you    take    out    the    nostalgia    bait    as    fun    as    it    was    spiderman    no    way    home    is    easily    the    worst    of    t    co    isezm    guwl,
58,,So the spiderman has way Homesyy,
59,,Finally I put the batteries with Spiderman give me the holland and I looked no was home atrixxxx,
60,,adairon    i    watched    spiderman    no    way    home    yesterday    absolutely    loved    it    had    some    gripes    with    bits    and    some    story    t    co    jc    pqfrtyj,
61,,spiderman no way home and type that house no ghe rivo,
62,,My father watching Spider Man No Way Home scene but that's not the black I is Venom,
63,,I just watched Spiderman no Way Home with my father,
64,,teepu sahab spider man no way home,
65,,Dragon Brother Spiderman No Way Home Review Will We Want OK,
66,,I imagine that Shibuya Multivrse Run map does not serve for fevering because it is too set in T CQGJ ZXLYX,
67,,just    bought    spiderman    no    way    home    t    co    kvgrfmdl    x,
68,,just    finished    spiderman    no    way    home    and    i    am    not    okay,
69,,Spiderman no Way Home is all that is fine in a movie,
70,,sarcasm    bender    swfanworld    steusmotus    no    way    home    is    the    only    one    to    not    be    affected    everyone    went    to    go    see    t    t    co    fe    i    wdfyo,
71,,jamesameyuk    waytoomuchbeer    and    from    what    i    hear    while    no    way    home    does    bring    in    the    other    two    spiderman    at    the    t    co    d    tcvjiscp,
72,,Morbius has Guin errors that Electro comes out in No Way Home when he has no pajolera idea of who is Spiderman est,
73,,jurassicpatt    kcdrforreal    discussingfilm    endgame    is    the    culmination    of    movies    its    also    made    for    all    audience    t    co    izv    bczwj,
74,,samtheinkboy isn't that line from spider man no way home be careful what you wish for parker,
75,,People don't like Morbius but he like Spiderman no Way Home I don't understand Morbius is good,
76,,of    the    funniest    parts    of    spider    man    no    way    home    is    when    tom    amp    andrew    realize    that    toby    s    webbing    comes    out    of    hi    t    co    g    pc    ln    ys,
77,,Marcomaioli a nice cameo in honor of spiderman no way home,
78,,People have pays to go see Spiderman no way home in dx everything has to make nostalgia carry this shit film t co o t pmiji,
79,,Spiderman no Way Home is just enjoyable for his fanservis if and forgive because my favorite movie of S t co Sf GMFVyBX,
80,,spiderman    no    way    home    is    now    on    telegram    t    co    ottkdehtj,
81,,taquibox work you can please when you can that of Spiderman no Way Home I am interested in the this T co stykofqe z,
82,,i    loved    the    part    in    spiderman    no    way    home    where    venom    and    lizard    had    sex    t    co    w    jtpnnbm,
83,,kiliingfields    it    would    most    likely    be    both    wandavision    and    spiderman    no    way    home    that    connects    to    this    i    wouldn    t    t    co    fvwwgpsxcs,
84,,"According to Dr Strange in Infinity War, he said that removing the spell from a dead man is complicated and that in Spiderman no way t cowbutxvitgt",
85,,There is a taxi with the number in Spider Man No Way Home which is the birthday of Stan Lee Spiderman Stanlee,
86,,Something that many people debate that in Spiderman no Way Home is that it would have been better for people to forgot myste t co rs nl cd,
87,,Daniel Espinosa director of Morbius will buy the Blue Ray of Spiderman no Way Home and that a couple of t co ehd to Jakr was seen,
88,,I will love to see Spiderman no Way Home again,
89,,Spiderman no way home shows a way that does not need a scheme but a therapist Hil t co hblfguiqzy,
90,,someone call tonight to see Spiderman's movie no Way Home or do something that I'm very,
91,,artes    de    andy    fairhurst    de    spiderman    no    way    home    para    sony    pictures    doctorstrange    spiderman    t    co    uzfo    kwd    c,
92,,save    the    date    join    us    tuesday    pm    to    pm    et    pm    pt    to    celebrate    with    prizes    the    k    ultra    hd    bl    t    co    crkl    onbj,
93,,check    out    funko    pop    molten    man    vinyl    bobble    head    funko    t    co    rglyz    ln    via    ebay    funko    pop    molten    m    t    co    crf    mlkkcn,
94,,liasamurai    u    watched    spiderman    no    way    home    right,
95,,marvelstudios    i    want    my    hr    and    min    back    which    is    all    me    and    my    yo    could    get    through    with    spiderman    no    wa    t    co    ivpqok    u,
96,,tonight    s    entertainment    was    spider    man    no    way    home    thoroughly    enjoyed    it    again    this    time    at    home    on    k    ultrahd    bl    t    co    nv    xj    xp,
97,,oyako spider man no way home loved the crowd cheering and watching my childhood hero tobey,
98,,Laia uploaded to her stories an edit of Spiderman no Way Home with the song of as it was not support,
99,,oyako spider man no way home,
100,,spiderman    no    way    home    is    an    overhyped    nonsense    t    co    xvgrjx    tn,
101,,willing    to    admit    i    almost    cried    at    the    end    of    spiderman    no    way    home,
102,,spider man no way home,
103,,SPiderman No Way Home OK was better in cinema,
104,,with    great    power    comes    greater    responsibility    aunt    may    spiderman    no    way    home    t    co    bfaztmwtlp,
105,,mcu    direct    people    who    are    calling    it    a    flop    really    should    take    a    look    at    it    s    budget    which    isn    t    too    high    compared    t    co    mklqdzfh    w,
106,,rewatching    spiderman    no    way    home    for    the    first    time    since    opening    day    and    those    scenes    hit    different    without    the    horrendous    crowd    cheering,
107,,no    way    home    was    the    greatest    spiderman    film    of    all    time    finally    got    to    see    it    last    night    even    after    being    spoiled    it    was    still    incredible,
108,,review    spiderman    no    way    home    negromancer    review    spider    man    no    way    home    brings    it    on    home    t    co    qmo    dhd    y,
109,,Cesar Spielbergo the only good Marvel with Spiderman was no Way Home and Spectacular Spiderman,
110,,spoiler    watching    spiderman    no    way    home    and    literally    crying    when    the    other    showed    up,
111,,oyako spider man no way home lt,
112,,Spiderman no way home is one of the worst film scnario that I have never seen how you all you are hype for this shit,
113,,"why I just found out that Spiderman no way home there is a tobey right, I'm really the type that just came out of Go T Co a EGMF VM",
114,,"Halunyakay Cosmos Espresso Crumble Watchmenid Fan, they need a reason to make no way home complicated and b t co gjdbaguwgr",
115,,watched    spiderman    no    way    home    last    night    and    i    do    n    t    think    i    will    ever    fully    recover    emotionally    also    how    bened    t    co    qzbuhpo    c,
116,,I just finished Spiderman no Way Home today Porfin I could see her I'm speechless,
117,,stripmarvel dani mjate you think Dr. Strange will be better or worse than Spiderman no Way Home,
118,,oyako spider man no way home,
119,,oyyarko    last    good    movie    was    definitely    for    me    excellent    detailing    and    a    must    watch    in    theatres    the    vibe    it    t    co    zrxnjkigw,
120,,Batman's movie Roma Spiderman no Way Home come from one,
121,,Marvellatam great is the second movie that most expected after Spiderman no Way Home both are the ones I want to see the phase,
122,,me    leaving    the    theater    after    watching    spiderman    no    way    home    t    co    ajc    znjgs,
123,,Watchmenid Is this Nyanbung and Spiderman No Way Home because I haven't watched Spiderman,
124,,my    dad    must    be    going    through    something    hes    watcher    spiderman    no    way    home    times    since    fri    n    is    watching    it    again    with    nahla,
125,,so    bored    that    i    finally    watch    spiderman    no    way    home    for    the    first    time    the    new    scream    amp    texas    chainsaw    massacre    mo    t    co    rgw    hf    o,
126,,it    just    occurred    to    me    that    because    of    deadpool    s    medium    awareness    he    knows    who    spiderman    is    which    means    that    it    s    t    co    cb    brbejmx,
127,,Get from where they get screenshots from Spiderman no Way Home T co lwybqqgj g,
128,,Anyone knows how to see Spiderman no Way Home,
129,,Spiderman no way home is the best marvel for me it really was a killing I clap in front,
130,,the    spiderman    no    way    home    dvd    is    out    tomorrow    and    i    preordered    it    but    i    got    work    tomorrow    so    i    ll    have    to    wat    t    co    lqypseptbf,
131,,morenol    droid    cere    zzzackseid    driiftyfilm    nomura    discussingfilm    makes    the    most    hype    and    accessible    s    t    co    ppljdzzbpc,
132,,lsmark    people    need    to    chill    your    review    wasn    t    bad    at    all    i    kinda    had    the    same    mindset    with    no    way    home    as    a    s    t    co    sy    ziiv    eh,
133,,this    line    is    from    spiderman    no    way    home    t    co    jp    lotn    l,
134,,Well the children have already fun with Spiderman no were home good,
135,,heart broken but beautiful ending selain adalah spider man no way home,
136,,Soyfdeloob,
137,,The one who says that Spiderman no Way Home is Buenseima likes any gilada,
138,,will be watching spiderman no way home later it arrived yesterday and i didn't know till this morning,
139,,In my opinion Milkyyu as Spiderman Homecomingno Way Home Peter MJ Gada who died but forgot the same memory alias H T Co MJC FMY K,
140,,Laufey Simpsons C Marmol How to train your Dragon Avengers Infinity War Back to future Spiderman no t co WSKPPRPX F,
141,,spider    man    no    way    home    writers    on    venom    s    mcu    future    and    the    ending    t    co    f    pwxbtss    venom    spiderman    t    co    wqgkjpmi    u,
142,,finally    watched    spiderman    no    way    home    and    my    inner    child    was    so    excited    spiderman    spidermannowayhome    nowayhome,
143,,spider    man    no    way    home    will    be    available    to    buy    from    am    tomorrow    morning    web    swing    on    down    to    store    and    pick    up    t    co    m    zmr    k    g,
144,,Jake said that I saw Spiderman no Way Home and that it seemed Increased I asked for recommendations from novels and pel t co lk ydvizb,
145,,do    whatever    a    spider    can    and    swing    your    way    into    hmvcrawley    tomorrow    to    get    your    copy    of    spider    man    no    way    hom    t    co    zusnvjxpkj,
146,,watched    no    way    home    today    again    and    i    want    more    movies    with    tom    holland    as    spiderman,
147,,spiderman    no    way    home    score    is    godsent    such    a    beautiful    masterpiece,
148,,Raauul Spiderman away from Casa Spiderman no Way Home Eternals Hala t co d iecnbgqh,
149,,Maeyiada what is the origin of Pethan calling aunt May ya hem hem does he after watching spiderman no way home and t co mccvk kgr,
150,,nina mohanty spider man no way home or mr michael morbius dracula man,
151,,Thetopcomics will collapse the systems as in no way home that it will have public is obvious but at the level of obse t cowvzqt edw,
152,,I'm watching Spiderman no Way Home that MS looks like Spiderman Pokmon Atrpa,
153,,Loki Minds I think Spider Man No Way Home,
154,,spiderman    no    way    home    t    co    yib    jxyd,
155,,spider    man    no    way    home    grossed    an    estimated    m    this    weekend    from    locations    estimated    total    gross    sta    t    co    dmtx    fad,
156,,Primevideoes how many likes to be able to see free spiderman no were home tonight,
157,,No Way Home is not better than Spiderman to see that perfect movie and feeling a baby is magnificent,
158,,CICY MULTIVERSO SPiderman is the most beloved superhero on today and Steven Strange has a lot,
159,,thirst x spiderman no way home side by side same energy parkchanwook okbinkim vampires jon watts t co fcpplyb x,
160,,Lcorso must be seen since Kingping's appearances in Hawkeye and Matt in Spiderman no Way Home T co lxmui s pa,
161,,Buhardimarvel Well I am doing this Hulk F F F Silver Surfer Xmen Xmen Wolverine Origenes Xmen Wolve T co Kog Ok PDT,
162,,this    actually    looks    really    good    i    hope    it    is    better    than    spiderman    no    way    home    t    co    lorapk    udx,
163,,queen    breezy    they    merged    the    universes    when    sony    partnered    with    disney    spiderman    no    way    home    opened    all    of    the    u    t    co    xl    se    p,
164,,oyako spider man no way home,
165,,Maviguvercin Xcops Michael Keaton,
166,,I wish I was Tom Holland's Spiderman at the No Way Home at the ending,
167,,Spiderman no Way Home The movie in which Tom Holland has exploded as Peter has loved all the guidelines t co Kckzsvys and,
168,,The only good movie from Tom Holland's Spiderman is no way home otherwise Homecoming is bad and far from home passab t co cnocjiy kv,
169,,back    in    my    no    way    home    era    sad    broke    lonely    im    just    like    spiderman,
170,,el senhorita spider man no way home,
171,,We have the same chorus each time the biggest film in the story of Marvel Studios C Tait Dj The case for T Co JW ESMDILB,
172,,After so much I saw spiderman I didn't go home too overvalued I expected something better,
173,,Spider Man No Way Home has nominated at the Oscars of the best special effects but not this film t co foxvgzop,
174,,just    seen    an    ad    for    spiderman    no    way    home    whenever    i    see    willem    dafoe    in    a    film    it    reminds    me    distractingly    large    t    co    rmucrf    q    f,
175,,i    finally    watched    spiderman    no    way    home    and    uh    i    was    kind    of    bored    for    most    of    the    movie    do    n    t    get    me    wrong    i    t    co    dk    y    tkoh,
176,,"I just finished watching Spiderman no way home, what is Venom just appeared",
177,,im    watching    spiderman    no    way    home    to    keep    me    from    o    miss    my    girlfriend    if    she    was    ever    t    co    tx    oleyags,
178,,thwip thwip boom foxwithalatte stolendans secret invasion wouldn't even make sense unless it was done after all t t co rc g chg,
179,,Whosfuckindade spiderman no way home ticket and pieces of paper with the name of a Twitterino to demonstrate,
180,,ohh    lupa    nk    rate    spiderman    no    way    home    sedih    ye    ceritaaaaa    diaa    u    f    u    f    u    f    u    f    saya    tunggu    next    movie    oke    u    fae    u    f    u    f    u    f,
181,,NCARIOLA JUANP JOHANNENORIO JAJAJAJAJAJAJA SOLLOW SPECIALLY INCLUDES THE CHARACTER OF SPID T CO XYUIHRHSAA,
182,,NCARIOLA DIEGO JUAN BUEN OR LESS SPIDERMAN I LOOK WITH NO WAY HOME BUT FAR FROM HOM,
183,,do i need to watch tobey maguires spiderman before no way home i ve seen his first two cba for a third,
184,,someone let me tell about spider man no way home,
185,,Dusktilldowy Evandrosart Giadaxhaz Ant Man and The Wasp would go before Infinity War for the rest right I T Co Lo Jmn T,
186,,when    you    try    to    fix    people    there    are    always    consequences    that    thing    in    spiderman    no    way    home,
187,,xatoumskii davidactucin ucmarvel especially that spiderman no way home is better than morbius and still t co tigq vklil,
188,,finally    saw    spider    man    no    way    home    and    i    ve    got    ta    say    peter    parker    really    stole    the    show    spidermannowayhome    spiderman,
189,,why no spider man no way home on any site you don't have to do with,
190,,"Crazy, Spiderman is not way home, the truth that is beautiful little staying to return to the CMICs",
191,,lokiminds    spiderman    no    way    home,
192,,it    will    be    more    interesting    than    spiderman    no    way    home    t    co    juqayxpf    g,
193,,I am just watching No Way Home U I am watching MJ and Andrew Garfieldn Spiderman version,
194,,spider    man    no    way    home    trueid    t    co    vrzlxaaf,
195,,Don't remember the final part of Spiderman no way home,
196,,Loki Minds Unfortunately Spider Man No Way Home Unfortunately because I discovered Marvel too late,
197,,Oh Morbius there is a Credit Scene and connected to the next Spiderman film after No Way Home,
198,,Spiderman no Way Home The review has left me a little cold,
199,,high    velocity    shortyd    people    thought    they    were    n    t    gon    na    use    daredevil    or    kingpin    especially    during    the    net    t    co    uz    hfpg    mc,
200,,First the Multiverse of Spiderman no Way Home now the Multiverse of Dr Strange Dale that I am sure I go to the stream t co lxp gfc q,
201,,saw    spiderman    no    way    home    last    night    in    the    theater    was    pretty    good,
202,,stevo rb briankigen vincent vintage big brobenah spider man no way home,
203,,spoiler spiderman no way home i must share this with you must share this with you t co n z y ahv,
204,,I have not seen no way home tho see her when I get to finish Amazing Spiderman,
205,,avengers    endgame    t    co    ojzfbjzx,
206,,"Although I have already fucked it whole, I'm going to see Spiderman no Way Home at last I see the movie of my Marvel favorite character",
207,,spiderman    no    way    home    review    negromancer    review    spider    man    no    way    home    brings    it    on    home    t    co    qmo    dhd    y,
208,,spiderman    no    way    home    t    co    amasdrkcw,
209,,wxantblazer ucmarvel nn but we too can play this game the mdrrr in no way home mode is the worst spiderma t co datgjhqzhp,
210,,marvel    spider    man    no    way    home    review    by    con    t    co    e    hq    ek    gx    spidermannowayhome    spiderman    marvel    sundaythoughts,
211,,rewatched    no    way    home    i    actually    saw    it    in    theatres    and    i    admit    partly    because    i    rewatched    the    older    spiderman    t    co    hsamgqjdcx,
212,,Spiderman no Way Home Jon Watts is no longer about nostalgia this as happened with the d t co ikh mv xm,
213,,spider man no way home still giving me the chills mannnn,
214,,spiderman homecoming spiderman far from home spider man no way home lemesi e t coi vhl jaj,
215,,I want to see me again spiderman no way home t co nynfjihvl,
216,,spiderman    no    way    home    t    co    wiohyyjv    z,
217,,Letonnai no way home tait rinc and they have you credibility of Strange and May the only thing well is the spid t co jqqb bpo s,
218,,new    tumblr    post    t    co    wlyncbnbdw    spiderman    no    way    home,
219,,Paola Menchaca wears spiderman no was home truth,
220,,Letonnai j silent more hype by The Batman than by Spiderman no Way Home,
221,,Uncharted Robbie I feel that Disney made the Spiderman No Way Home movie because Sony or Tog Tow Pwrnp F A,
222,,marvel    spider    man    no    way    home    review    by    con    t    co    e    hq    ek    gx    spidermannowayhome    spiderman    marvel    sundaythoughts    sundayfunday,
223,,jinho    failed    to    guess    parasite    lalaland    and    spiderman    no    way    home    why    is    he    like    this,
224,,Jojo still doesn't know Spider Man no Way Home Pentagon Private Party Day Pentagon Pentagon Private Party PPP,
225,,hongseok    s    gon    na    be    so    upset    like    damn    jinho    we    married    i    watch    that    movie    literally    every    other    day    and    you    can    t    t    co    p    dpehwopk,
226,,spiderman    no    way    home    hahaha,
227,,ah    spiderman    no    way    home,
228,,spider man no way home,
229,,spider man no way home,
230,,Spiderman no was home an impossible dream made a reality t co Dygilw II through spidermannowayhome cinemas,
231,,spider man no way home,
232,,It seems that Marvel's official website confirms that the Daredevil series is Canon in the MCU in the Biography of T CO Xifksp XQ,
233,,Trosky has long seen them and I love Spiderman but not at least that of Far From Home Tena enough t co n g gqbaio,
234,,Yesterday Spiderman no Way Home looked after I was spoiled for half a year that I have now been n t co yflwaa edx,
235,,benzefrank spider man no way home interstellar passengers dune bad boys for life shutter island,
236,,also    spiderman    no    way    home    is    jus    lilo    and    stitch    the    series,
237,,marvel    spider    man    no    way    home    review    by    con    t    co    e    hq    ek    gx    spidermannowayhome    spiderman    marvel    t    co    h    cuasx    t,
238,,spiderman    no    way    home    t    co    ks    s    y    b,
239,,"Since I saw Spiderman no Way Home, I have the phrase of MJ and the Tom as a motto of my life to wait a disappoint",
240,,spiderman no way home isn't that bad y'all are just dramatic,
241,,Yara Wayne I think everyone comes with the highlights of high high after seeing Spiderman no Way Home and that's why T Co Pae C Lenu,
242,,theway    in    which    i    am    watching    the    ending    of    spiderman    no    way    home    and    its    making    me    x    more    depressed    than    i    already    am    lmfao,
243,,merielmyers    the    lost    daughter    is    well    acted    emotional    thoughtful    but    depressing    the    duke    is    light    and    funny    wit    t    co    vyfhgpwacx,
244,,i    want    spiderman    no    way    home    to    finally    come    out    on    bluray    so    i    can    watch    it    legally    i    love    movies    with    no    obvio    t    co    qii    gck    i,
245,,spiderman    no    way    home    rain    scene    green    screen    t    co    plm    y    ryid,
246,,spidermannowayhome    final    sawing    this    bgm    prompts    you    to    listen    to    it    again    and    again    in    the    scene    where    three    s    t    co    xfvzrqrnsq,
247,,just    watched    no    way    home    spiderman    s    a    joke,
248,,cmoon    no    way    homes    humor    is    juvenile    it    has    nothing    interesting    or    novel    to    say    about    spiderman    has    no    substa    t    co    zr    aasyi    i,
249,,I have the feeling that the Thor Love and Thunder trailer will leave as an advance in the post credits scene,
250,,jumpoutthaface    eh    i    mean    it    does    but    i    do    have    my    problems    with    it    obviously    it    takes    place    around    the    same    time    t    co    hghnqgurtt,
251,,spider man no way home was so good,
252,,i    loved    the    part    in    spiderman    no    way    home    where    venom    and    lizard    had    sex    t    co    orfc    zrt    u,
253,,ngl    i    think    marvelstudios    officially    confirmed    daredevil    as    a    part    of    the    marvel    cinematic    universe    t    co    wto    qexms,
254,,if    this    flops    i    m    gon    na    rewatch    spiderman    no    way    home    srs    t    co    kmkb    pckqp,
255,,legitonejc    comicfanatic    wandaslizzie    fr    they    edited    andrew    and    toby    s    spiderman    out    of    the    no    way    home    trailer    t    co    msqny    ri    q,
256,,"Marevla Chumeltorres I tell you the Mayora who says that she is bad, it is why they expected to see Algn Spiderman or the T co Sx Sxliyi",
257,,spiderman    no    way    home    actually    very    glad    i    saw    this    definitely    the    most    interesting    and    daring    of    the    mcu    spid    t    co    feqlhbzepx,
258,,you    thought    getting    tickets    for    spiderman    no    way    home    was    rough    buckle    up    cause    mom    ticket    sale    is    coming,
259,,so    i    watched    spiderman    no    way    home,
260,,my    top    five    list    of    the    first    things    i    saw    this    year    spider    man    no    way    home    the    empty    man    coda    the    mi    t    co    xakukhl    i,
261,,disneyplus my spider man no way home will be available soon,
262,,As soon as you see Spiderman no Way Home Le toug,
263,,axl kss at last raised the review to Spiderman no was home aaaaaaa,
264,,tamil hollywood spider man no way home,
265,,they    call    you    crybaby    spiderman    peter    parker    fancam    crybaby    melanie    martinez    marvel    edit    mcu    petermj    no    way    home    t    co    tjmg    vyiba,
266,,"It's really late, I just watched Spiderman no way home wkwkwk at that time pretentious",
267,,onslaughtrush    omg    i    love    this    also    who    plays    the    villains    from    spiderman    no    way    home    in    sonic    no    way    home    green    t    co    vn    tm    ctm,
268,,just    saw    spiderman    no    way    home    finally    that    was    an    amazing    movie    that    was    done    perfectly,
269,,i    just    watched    spiderman    no    way    home    and    i    am    not    okay,
270,,finally watched spiderman no way home to finish watching the minutes that i didn't have spoiled,
271,,From the best to the worst spiderman movie according to my opinion Spiderman Spiderman no Way Home Spiderman Mile Mor T CO NU Sop Tu tu Tu Tu Tu Tu Tu Tu Tu,
272,,spiderman    no    way    home    with    andrew    garfield    tobeymaguire    amp    tomholland    is    a    triple    treat    t    co    xv    ycogvy,
273,,gut fuzz spider man no way home,
274,,vgdiegazo    joncomms    i    do    n    t    even    know    kingpins    back    story    and    i    honestly    forgot    about    doctor    oc    being    in    the    movi    t    co    we    q    igr    d,
275,,just    watched    spiderman    no    way    home    thank    goodness    they    explained    the    webs    i    no    longer    have    to    be    irked    by    that,
276,,Soyzalomon Ac Ando I'm watching Spiderman no Way Home with my sister,
277,,finished    watching    spiderman    no    way    home    i    did    n    t    think    i    d    see    the    doc    ock    appeal    but    uhhhhhhhhhhhh    t    co    mhegxb    ef,
278,,Cbominv I rarely find a girl like Venom and I am also easy to be Venom whose last opponent is Spiderman in T Co MC VMW OIY,
279,,what    the    f    mannn    and    i    am    yet    to    watch    spiderman    no    way    home    t    co    uap    flociq,
280,,in    the    mcu    when    spidey    has    a    final    battle    with    a    villain    you    know    he    had    a    confrontation    legit    in    every    final    t    co    q    mvizzwwj,
281,,my    favorite    part    of    spiderman    no    way    home    is    the    fact    that    venom    showed    up    in    the    universe    got    drunk    at    a    bar    then    left,
282,,Very sad Spiderman no Way Home,
283,,live so i luv ahhhh im making spider man no way home ending more sadder than it needs to be for jay,
284,,march    spiderman    no    way    home    really    late    to    the    party    but    i    finally    watched    this    movie    and    was    honestly    blown    away    t    co    v    yr    by,
285,,spider man no way home with the boys dr crabs zippy zuko spiderman t co qhgk ffab,
286,,Marvellatin then with homecoming and no way home s arrangl the last stumbles of Sony haha from Spiderman and t co Hoekhmvvqu,
287,,Innottinghill the series were from Netflix and left them as part of the same temporal line of Spiderman no way h t co sys vbyixd,
288,,papivacci spider man no way home,
289,,denisermast    also    take    care    of    yourself    i    just    watched    spiderman    no    way    home    and    i    was    so    impressed    by    willem    d    t    co    euahypbmhn,
290,,I'm not a film critic or anything but Spiderman no Way Home dialogues were terrible,
291,,captain america the winter soldier the batman and spider man no way home t con dol bls,
292,,spiderman    no    way    home    pt    dr    strange    sequel    pts    old    cast    of    prev    spidey    shows    feel    like    they    did    n    t    exploit    th    t    co    svp    yn    fzo,
293,,Ok I already have it all spasted but I'm going to see Spiderman no Way Home,
294,,i    cant    find    that    one    spiderman    gif    with    the    peter    tingle    in    no    way    home,
295,,my    husband    watching    spider    man    no    way    home    i    can    t    stand    spiderman    t    co    pbbyagrezf,
296,,After a thousand years I'm going to dignity to see Spiderman no Way Home and I know that surely I suffer but well in some t co pte f,
297,,spider man no way home es una mierda you can't change my mind,
298,,days    until    we    can    own    the    physical    copy    of    spider    man    no    way    home    on    k    t    co    gxps    q    a    best    buy    ste    t    co    aeombzusx,
299,,UGM FESS I plan to watch Fantastic Beast Spiderman no Way Home Drakor Business Proposal Enchant T Co Esvdm Spge,
300,,i    just    finished    watching    spiderman    no    way    home    it    was    a    fun    movie    it    s    actually    spiderman    s    fault    his    aunt    died    t    co    umdinwvbx,
301,,spencer    old    spiderman    no    way    home    halloween    kills    t    co    humndwr    rd,
302,,Spoiler Morbius at the end of Spiderman no Way Home Venom materializes in a bar in the universe of Tom Holl t co vabo zgyzg,
303,,HBOMAX Their premiere dates on the platform are truly an desception.,
304,,will    doctor    strange    multiverse    of    madness    be    better    than    spiderman    no    way    home,
305,,that you want to come out The Amazing Spiderman Perooo without doing a thing equally bad than morbius and venom t co k wwkapx,
306,,I want spiderman memes no was home please my soul needs it,
307,,From this moment I am going to throw tweets with Morbius spoilers related to the so anticipated P t co and tk ksmog,
308,,Segond Baptiste Ales Midoriya Mdr then a c is the best avengers endgame more h of film how many min t co t rnj nqz,
309,,HBO MAX THE WHEN SPIDERMAN NO WAY HOME IN HBO,
310,,Spiderman no Way Home has good ideas and seeing things from the previous Mola movies is the best of those of the UCM t co C sr bp,
311,,I just watched Spiderman no way home for the second time suddenly and this film is really good,
312,,I m watching spiderman no was home and I love you very much Alfred Molina,
313,,bohodayz    ticktickboom    i    d    put    it    on    my    list    because    lin    had    directed    it    slightly    more    interested    when    i    found    ou    t    co    jsirl    gdcn,
314,,The Marvel Official Website confirms that Spider Man No Way Home Matt Mudorck is the same as that of the S t co Yy Byjfozu,
315,,No drugs brings me back the feeling of seeing Spiderman in Way Home for the first time,
316,,all    the    bennythebull    mascots    or    spidermanmovie    no    way    way    home    some    tell    strange    to    close    the    portal    t    co    ljxfz    lluv,
317,,I love how in Spiderman no was home they adapted one of the most violent and icnic stages of the character by t -,
318,,I began to cry watching a video of Spiderman no Way Home,
319,,i    like    how    now    that    spider    man    no    way    home    happened    the    punchline    to    every    non    sequel    marvel    movie    will    be    oh    yeah    fuck    spiderman,
320,,finally    got    round    to    watching    spiderman    no    way    home    i    was    not    emotionally    prepared    blubbering    my    eyes    out    now    t    co    urayjcumpu,
321,,Racconsuarez that's why I feel that Sony must already give Spiderman's rights to Marvel Studios since Gra t co Amts X HNL,
322,,I still don't overcome Spiderman no Way Home,
323,,remember    when    no    way    home    came    out    and    suddenly    everyone    pretended    tasm    wasn    t    complete    garbage    strange    times    spiderman,
324,,ah    yes    watching    spiderman    no    way    home    on    my    way    home    from    work    t    co    cc    pn    bgin,
325,,watched    no    way    home    again    and    yea    willem    dafoe    is    the    best    a    spiderman    villain    is    ever    gon    na    get,
326,,not    me    crying    on    this    plane    three    free    wines    deep    while    watching    spiderman    no    way    home,
327,,dxd x best reveals since spider man no way home trailer,
328,,I saw Spiderman no way home I am not sr of what I think,
329,,spiderman    no    way    home    the    amazing    spiderman    andrew    garfield    tobey    maguire    tom    holland    gwen    stacy    mj    mary    jane    mcu    e    t    co    cnyq    myuu,
330,,Auronplay make a auron meme looking,
331,,The death of the May ta in Spiderman no Way Home is from the most anti -limitic deaths and that they have imprisoned me less,
332,,Spiderman no Way Home viewed with mamaconeja the truth the best Spiderman movie that I've seen has shown me m t co hdwotyuda,
333,,Nuevovideo t co Co Avyzdo Clq me cost a band but I finished spiderman no was home the good thing I t co Hyjwe fs a,
334,,spiderman    no    way    home    t    co    h    zahu    zce,
335,,just    got    out    of    the    theater    from    watching    spiderman    no    way    home    it    was    great,
336,,spiderman    no    way    home    t    co    jincb    dsi,
337,,bashful eye spider man homecoming far from home e no way home soprattutto per le scene post credit,
338,,After seeing my best video so far although I can improve I am excited about what my problem is coming.,
339,,I have reviewed no Way Home and do not know how I regret what I am going to say too much Marvel humor that spoils e t co zykacs xg,
340,,hbomaxnewslatal best put to Spiderman no way to Venom venom pa q cuo,
341,,movies    about    the    multiverse    everything    everywhere    all    at    once    gt    gt    gt    spiderman    no    way    home,
342,,Marvel Buhardilla Capitn Amrica Civil War Doctor Strange Guardians of the Iron Man Spiderman No Way Home,
343,,ooc    so    yesterday    my    mom    bought    spiderman    no    way    home    on    both    vudu    fandango    amp    the    apple    tv    app    me    amp    my    got    to    watc    t    co    vjqsltog    v,
344,,Yesterday I was very badly out of the stamina I took off the day off and we watched Spiderman in the way home and then red t co fmgys mi r,
345,,On the plane I was able to look at a spiderman no way home and the eternal and everything by drinking pure wine take t co zmf liszpq,
346,,A few days ago I see no Way Home and I still say that it is not much the only chido are the villains and the t t co ke ievzs,
347,,how    could    this    be    true    andrew    literally    says    in    no    way    home    that    he    has    never    fought    an    alien    and    venom    clearly    ha    t    co    cfsqcunvou,
348,,why did no one tell me spiderman no way home isn't just some silly little movie u can watch to have a good time im broken,
349,,time    for    my    th    time    of    watching    spider    man    no    way    home    this    time    nd    time    on    a    delta    flight    i    m    so    happy    ri    t    co    w    rtbfu,
350,,no way home was so good my brother finally stopped rewatching spider man obsessively after years of ignoring n t co vnc klcc,
351,,View of Spiderman no Way Home I still think that it is a movie that goes straight to the potato,
352,,chinese    takeaway    followed    by    a    fat    bowl    of    ice    cream    then    snuggling    under    the    blanket    to    watch    spiderman    no    way    ho    t    co    hhm    k    vkrc,
353,,spiderman    no    way    home    probably    my    favorite    mcu    movie    despite    having    absolutely    zero    history    with    the    andre    t    co    xczwgm    le,
354,,jenna worldview spider man no way home,
355,,sisterfelipes    disney    you    know    what    movie    i    like    spiderman    bc    your    dad    is    no    way    home,
356,,spider    man    no    way    home    is    one    of    my    favourite    spider    man    films    ever    spidermanmovie    spidermannowayhome,
357,,finally    watching    the    movie    spiderman    no    way    home,
358,,I every time Willem Dafoe comes out in Spiderman no Way Home T co P Lohmann,
359,,Omg Spiderman No Way Home On Sky Primafila so it means in a little bit on demand t co pjt qqrlb,
360,,how    no    way    home    finally    fixed    peter    parker    spiderman    spidermannowayhome    t    co    pccw    hqhvk    via    youtube,
361,,hzjoetv shak unpopular opinion spider man no way home wasn't deserved the hype it got,
362,,What I like most about comic book Movies is superhero mashup as they integrate their forces and po etuiiben i,
363,,I saw spider man no way home after months what to say I didn't understand if I liked hahaha,
364,,spider man no way home had me crying like a baby,
365,,was    watching    no    way    home    with    my    sisters    then    realized    how    much    that    nigga    was    spittin    nowayhome    t    co    wdvw    wsh    a,
366,,finally    seen    spiderman    no    way    home    and    wow    wow    wow    what    a    film    and    the    most    incredible    performances    by    all    the    cas    t    co    egofxycadd,
367,,don    t    mind    me    just    crying    my    eyes    out    at    the    end    of    spiderman    no    way    home,
368,,Doctor Strange is one of the most anticipated films of this after Spiderman no Way Home left l t co Kzgz rl ls,
369,,Spiderman no Way Home scene where Andrew's spider saves MJ makes me cry,
370,,rewatched    spiderman    no    way    home    for    the    first    time    it    landed    better    this    time    the    emotional    beats    landed    better    t    t    co    cfyky    ujr,
371,,how    is    this    movie    gon    na    be    shorter    than    spiderman    no    way    home    t    co    x    w    vvwlzf,
372,,robert    pattinson    is    literally    the    batman    no    way    home    made    me    realise    why    spiderman    is    so    beloved    and    this    did    the    same    for    me    with    batman,
373,,i    have    an    unhealthy    obsession    with    spiderman    no    way    home    this    shit    is    not    normal    anymore,
374,,so    spiderman    no    way    home    that    happened    o    o,
375,,no    no    no    no    way    home    is    n    t    better    than    spiderman    t    co    fhuqlrhkrv,
376,,amir amir actufoot aprs spider man no way home decouvrez spider algerian stay at home,
377,,Danybanegas Galabra is now because it is not progressive and not that mother is not t co ldnjjwll l,
378,,spiderman    no    way    home    is    now    on    telegram    t    co    ottkdehtj,
379,,normiezbp    politothomas    the    director    himself    called    the    suicide    squad    a    soft    reboot    so    that    by    definition    makes    it    t    co    iwlhrjazv,
380,,Lazuladas Indawyvern Killeen Silent Meydon Krous Cry Alexa I'm watching Spiderman no Way Home on my TV C Wae Pygu,
381,,Chiaki is thrown one hour or two conversations explaining things about Super Hroes or explaining why chronol t co a znyhvs i,
382,,spider man no way home izle sin bakalm,
383,,Spider Man no Way Home was not a great movie but Memes got it right,
384,,zack    snyder    justice    league    dune    spiderman    no    way    home    the    batman    tenet    t    co    spwiear    yb,
385,,Process to see Spiderman no Way Home,
386,,ceratos    well    they    could    be    hiding    cast    like    spiderman    no    way    home    but    the    dead    actors    and    dead    characters    t    co    uzq    k    qugs,
387,,of    the    funniest    parts    of    spider    man    no    way    home    is    when    tom    amp    andrew    realize    that    toby    s    webbing    comes    out    of    hi    t    co    g    pc    ln    ys,
388,,Marcomaioli a nice cameo in honor of spiderman no way home,
389,,People have pays to go see Spiderman no way home in dx everything has to make nostalgia carry this shit film t co o t pmiji,
390,,Spiderman no Way Home is just enjoyable for his fanservis if and forgive because my favorite movie of S t co Sf GMFVyBX,
391,,spiderman    no    way    home    is    now    on    telegram    t    co    ottkdehtj,
392,,taquibox work you can please when you can that of Spiderman no Way Home I am interested in the this T co stykofqe z,
393,,i    loved    the    part    in    spiderman    no    way    home    where    venom    and    lizard    had    sex    t    co    w    jtpnnbm,
394,,kiliingfields    it    would    most    likely    be    both    wandavision    and    spiderman    no    way    home    that    connects    to    this    i    wouldn    t    t    co    fvwwgpsxcs,
395,,"According to Dr Strange in Infinity War, he said that removing the spell from a dead man is complicated and that in Spiderman no way t cowbutxvitgt",
396,,There is a taxi with the number in Spider Man No Way Home which is the birthday of Stan Lee Spiderman Stanlee,
397,,Something that many people debate that in Spiderman no Way Home is that it would have been better for people to forget myste t co rs nl cd,
398,,Daniel Espinosa director of Morbius will buy the Blue Ray of Spiderman no Way Home and that a couple of t co ehd to Jakr was seen,
399,,I will love to see Spiderman no Way Home again,
400,,Spiderman no way home shows a way that does not need a scheme but a therapist Hil t co hblfguiqzy,
401,,someone call tonight to see Spiderman's movie no Way Home or do something that I'm very,
402,,artes    de    andy    fairhurst    de    spiderman    no    way    home    para    sony    pictures    doctorstrange    spiderman    t    co    uzfo    kwd    c,
403,,save    the    date    join    us    tuesday    pm    to    pm    et    pm    pt    to    celebrate    with    prizes    the    k    ultra    hd    bl    t    co    crkl    onbj,
404,,check    out    funko    pop    molten    man    vinyl    bobble    head    funko    t    co    rglyz    ln    via    ebay    funko    pop    molten    m    t    co    crf    mlkkcn,
405,,liasamurai    u    watched    spiderman    no    way    home    right,
406,,marvelstudios    i    want    my    hr    and    min    back    which    is    all    me    and    my    yo    could    get    through    with    spiderman    no    wa    t    co    ivpqok    u,
407,,tonight    s    entertainment    was    spider    man    no    way    home    thoroughly    enjoyed    it    again    this    time    at    home    on    k    ultrahd    bl    t    co    nv    xj    xp,
408,,oyako spider man no way home loved the crowd cheering and watching my childhood hero tobey,
409,,Laia uploaded to her stories an edit of Spiderman no Way Home with the song of as it was not support,
410,,oyako spider man no way home,
411,,spiderman    no    way    home    is    an    overhyped    nonsense    t    co    xvgrjx    tn,
412,,willing    to    admit    i    almost    cried    at    the    end    of    spiderman    no    way    home,
413,,spider man no way home,
414,,SPiderman No Way Home OK was better in cinema,
415,,with    great    power    comes    greater    responsibility    aunt    may    spiderman    no    way    home    t    co    bfaztmwtlp,
416,,mcu    direct    people    who    are    calling    it    a    flop    really    should    take    a    look    at    it    s    budget    which    isn    t    too    high    compared    t    co    mklqdzfh    w,
417,,rewatching    spiderman    no    way    home    for    the    first    time    since    opening    day    and    those    scenes    hit    different    without    the    horrendous    crowd    cheering,
418,,no    way    home    was    the    greatest    spiderman    film    of    all    time    finally    got    to    see    it    last    night    even    after    being    spoiled    it    was    still    incredible,
419,,review    spiderman    no    way    home    negromancer    review    spider    man    no    way    home    brings    it    on    home    t    co    qmo    dhd    y,
420,,Cesar Spielbergo the only good Marvel with Spiderman was no Way Home and Spectacular Spiderman,
421,,spoiler    watching    spiderman    no    way    home    and    literally    crying    when    the    other    showed    up,
422,,oyako spider man no way home lt,
423,,Spiderman no way home is one of the worst film scnario that I have never seen how you all you are hype for this shit,
424,,"why I just found out that Spiderman no way home there is a tobey right, I'm really the type that just came out of Go T Co a EGMF VM",
425,,"Halunyakay Cosmos Espresso Crumble Watchmenid Fan, they need a reason to make no way home complicated and b t co gjdbaguwgr",
426,,watched    spiderman    no    way    home    last    night    and    i    do    n    t    think    i    will    ever    fully    recover    emotionally    also    how    bened    t    co    qzbuhpo    c,
427,,I just finished Spiderman no Way Home today Porfin I could see her I'm speechless,
428,,stripmarvel dani mjate you think Dr. Strange will be better or worse than Spiderman no Way Home,
429,,oyako spider man no way home,
430,,oyyarko    last    good    movie    was    definitely    for    me    excellent    detailing    and    a    must    watch    in    theatres    the    vibe    it    t    co    zrxnjkigw,
431,,Batman's movie Roma Spiderman no Way Home come from one,
432,,Marvellatam great is the second movie that most expected after Spiderman no Way Home both are the ones I want to see the phase,
433,,me    leaving    the    theater    after    watching    spiderman    no    way    home    t    co    ajc    znjgs,
434,,Watchmenid Is this Nyanbung and Spiderman No Way Home because I haven't watched Spiderman,
435,,my    dad    must    be    going    through    something    hes    watcher    spiderman    no    way    home    times    since    fri    n    is    watching    it    again    with    nahla,
436,,so    bored    that    i    finally    watch    spiderman    no    way    home    for    the    first    time    the    new    scream    amp    texas    chainsaw    massacre    mo    t    co    rgw    hf    o,
437,,it    just    occurred    to    me    that    because    of    deadpool    s    medium    awareness    he    knows    who    spiderman    is    which    means    that    it    s    t    co    cb    brbejmx,
438,,Get from where they get screenshots from Spiderman no Way Home T co lwybqqgj g,
439,,Anyone knows how to see Spiderman no Way Home,
440,,Spiderman no way home is the best marvel for me it really was a killing I clap in front,
441,,the    spiderman    no    way    home    dvd    is    out    tomorrow    and    i    preordered    it    but    i    got    work    tomorrow    so    i    ll    have    to    wat    t    co    lqypseptbf,
442,,morenol    droid    cere    zzzackseid    driiftyfilm    nomura    discussingfilm    makes    the    most    hype    and    accessible    s    t    co    ppljdzzbpc,
443,,lsmark    people    need    to    chill    your    review    wasn    t    bad    at    all    i    kinda    had    the    same    mindset    with    no    way    home    as    a    s    t    co    sy    ziiv    eh,
444,,this    line    is    from    spiderman    no    way    home    t    co    jp    lotn    l,
445,,Well the children have already fun with Spiderman no were home good,
446,,heart broken but beautiful ending selain adalah spider man no way home,
447,,Soyfdeloob,
448,,The one who says that Spiderman no Way Home is Buenseima likes any gilada,
449,,will be watching spiderman no way home later it arrived yesterday and i didn't know till this morning,
450,,In my opinion Milkyyu as Spiderman Homecomingno Way Home Peter MJ Gada who died but forgot the same memory alias H T Co MJC FMY K,
451,,Laufey Simpsons C Marmol How to train your Dragon Avengers Infinity War Back to future Spiderman no t co WSKPPRPX F,
452,,spider    man    no    way    home    writers    on    venom    s    mcu    future    and    the    ending    t    co    f    pwxbtss    venom    spiderman    t    co    wqgkjpmi    u,
453,,finally    watched    spiderman    no    way    home    and    my    inner    child    was    so    excited    spiderman    spidermannowayhome    nowayhome,
454,,spider    man    no    way    home    will    be    available    to    buy    from    am    tomorrow    morning    web    swing    on    down    to    store    and    pick    up    t    co    m    zmr    k    g,
455,,Jake said that I saw Spiderman no Way Home and that it seemed Increased I asked for recommendations from novels and pel t co lk ydvizb,
456,,do    whatever    a    spider    can    and    swing    your    way    into    hmvcrawley    tomorrow    to    get    your    copy    of    spider    man    no    way    hom    t    co    zusnvjxpkj,
457,,watched    no    way    home    today    again    and    i    want    more    movies    with    tom    holland    as    spiderman,
458,,spiderman    no    way    home    score    is    godsent    such    a    beautiful    masterpiece,
459,,Raauul Spiderman away from Casa Spiderman no Way Home Eternals Hala t co d iecnbgqh,
460,,Maeyiada what is the origin of Pethan calling aunt May ya hem hem does he after watching spiderman no way home and t co mccvk kgr,
461,,nina mohanty spider man no way home or mr michael morbius dracula man,
462,,Thetopcomics will collapse the systems as in no way home that it will have public is obvious but at the level of obse t cowvzqt edw,
463,,I'm watching Spiderman no Way Home that MS looks like Spiderman Pokmon Atrpa,
464,,Loki Minds I think Spider Man No Way Home,
465,,spiderman    no    way    home    t    co    yib    jxyd,
466,,spider    man    no    way    home    grossed    an    estimated    m    this    weekend    from    locations    estimated    total    gross    sta    t    co    dmtx    fad,
467,,Primevideoes how many likes to be able to see free spiderman no were home tonight,
468,,No Way Home is not better than Spiderman to see that perfect movie and feeling a baby is magnificent,
469,,CICY MULTIVERSO SPiderman is the most beloved superhero on today and Steven Strange has a lot,
470,,thirst x spiderman no way home side by side same energy parkchanwook okbinkim vampires jon watts t co fcpplyb x,
471,,Lcorso must be seen since Kingping's appearances in Hawkeye and Matt in Spiderman no Way Home T co lxmui s pa,
472,,Buhardimarvel Well I am doing this Hulk F F F Silver Surfer Xmen Xmen Wolverine Origenes Xmen Wolve T co Kog Ok PDT,
473,,this    actually    looks    really    good    i    hope    it    is    better    than    spiderman    no    way    home    t    co    lorapk    udx,
474,,queen    breezy    they    merged    the    universes    when    sony    partnered    with    disney    spiderman    no    way    home    opened    all    of    the    u    t    co    xl    se    p,
475,,oyako spider man no way home,
476,,Maviguvercin Xcops Michael Keaton,
477,,I wish I was Tom Holland's Spiderman at the No Way Home at the ending,
478,,Spiderman no Way Home The movie in which Tom Holland has exploded as Peter has loved all the guidelines t co Kckzsvys and,
479,,The only good movie from Tom Holland's Spiderman is no way home otherwise Homecoming is bad and far from home passab t co cnocjiy kv,
480,,back    in    my    no    way    home    era    sad    broke    lonely    im    just    like    spiderman,
481,,el senhorita spider man no way home,
482,,We have the same chorus each time the biggest film in the story of Marvel Studios C Tait Dj The case for T Co JW ESMDILB,
483,,After so much I saw spiderman I didn't go home too overvalued I expected something better,
484,,Spider Man No Way Home has nominated at the Oscars of the best special effects but not this film t co foxvgzop,
485,,just    seen    an    ad    for    spiderman    no    way    home    whenever    i    see    willem    dafoe    in    a    film    it    reminds    me    distractingly    large    t    co    rmucrf    q    f,
486,,i    finally    watched    spiderman    no    way    home    and    uh    i    was    kind    of    bored    for    most    of    the    movie    do    n    t    get    me    wrong    i    t    co    dk    y    tkoh,
487,,"I just finished watching Spiderman no way home, what is Venom just appeared",
488,,im    watching    spiderman    no    way    home    to    keep    me    from    o    miss    my    girlfriend    if    she    was    ever    t    co    tx    oleyags,
489,,thwip thwip boom foxwithalatte stolendans secret invasion wouldn't even make sense unless it was done after all t t co rc g chg,
490,,Whosfuckindade spiderman no way home ticket and pieces of paper with the name of a Twitterino to demonstrate,
491,,ohh    lupa    nk    rate    spiderman    no    way    home    sedih    ye    ceritaaaaa    diaa    u    f    u    f    u    f    u    f    saya    tunggu    next    movie    oke    u    fae    u    f    u    f    u    f,
492,,NCARIOLA JUANP JOHANNENORIO JAJAJAJAJAJAJA SOLLOW SPECIALLY INCLUDES THE CHARACTER OF SPID T CO XYUIHRHSAA,
493,,NCARIOLA DIEGO JUAN BUEN OR LESS SPIDERMAN I LOOK WITH NO WAY HOME BUT FAR FROM HOM,
494,,do i need to watch tobey maguires spiderman before no way home i ve seen his first two cba for a third,
495,,someone let me tell about spider man no way home,
496,,Dusktilldowy Evandrosart Giadaxhaz Ant Man and The Wasp would go before Infinity War for the rest right I T Co Lo Jmn T,
497,,when    you    try    to    fix    people    there    are    always    consequences    that    thing    in    spiderman    no    way    home,
498,,xatoumskii davidactucin ucmarvel especially that spiderman no way home is better than morbius and still t co tigq vklil,
499,,finally    saw    spider    man    no    way    home    and    i    ve    got    ta    say    peter    parker    really    stole    the    show    spidermannowayhome    spiderman,
500,,why no spider man no way home on any site you don't have to do with,
501,,"Crazy, Spiderman is not way home, the truth that is beautiful little staying to return to the CMICs",
502,,lokiminds    spiderman    no    way    home,
503,,it    will    be    more    interesting    than    spiderman    no    way    home    t    co    juqayxpf    g,
504,,I am just watching No Way Home U I am watching MJ and Andrew Garfieldn Spiderman version,
505,,spider    man    no    way    home    trueid    t    co    vrzlxaaf,
506,,Don't remember the final part of Spiderman no way home,
507,,Loki Minds Unfortunately Spider Man No Way Home Unfortunately because I discovered Marvel too late,
508,,Oh Morbius there is a Credit Scene and connected to the next Spiderman film after No Way Home,
509,,Spiderman no Way Home The review has left me a little cold,
510,,high    velocity    shortyd    people    thought    they    were    n    t    gon    na    use    daredevil    or    kingpin    especially    during    the    net    t    co    uz    hfpg    mc,
511,,First the Multiverse of Spiderman no Way Home now the Multiverse of Dr Strange Dale that I am sure I go to the stream t co lxp gfc q,
512,,saw    spiderman    no    way    home    last    night    in    the    theater    was    pretty    good,
513,,stevo rb briankigen vincent vintage big brobenah spider man no way home,
514,,spoiler spiderman no way home i must share this with you must share this with you t co n z y ahv,
515,,I have not seen no way home tho see her when I get to finish Amazing Spiderman,
516,,avengers    endgame    t    co    ojzfbjzx,
517,,"Although I have already fucked it whole, I'm going to see Spiderman no Way Home at last I see the movie of my Marvel favorite character",
518,,spiderman    no    way    home    review    negromancer    review    spider    man    no    way    home    brings    it    on    home    t    co    qmo    dhd    y,
519,,spiderman    no    way    home    t    co    amasdrkcw,
520,,wxantblazer ucmarvel nn but we too can play this game the mdrrr in no way home mode is the worst spiderma t co datgjhqzhp,
521,,marvel    spider    man    no    way    home    review    by    con    t    co    e    hq    ek    gx    spidermannowayhome    spiderman    marvel    sundaythoughts,
522,,rewatched    no    way    home    i    actually    saw    it    in    theatres    and    i    admit    partly    because    i    rewatched    the    older    spiderman    t    co    hsamgqjdcx,
523,,Spiderman no Way Home Jon Watts is no longer about nostalgia this as happened with the d t co ikh mv xm,
524,,spider man no way home still giving me the chills mannnn,
525,,spiderman homecoming spiderman far from home spider man no way home lemesi e t coi vhl jaj,
526,,I want to see me again spiderman no way home t co nynfjihvl,
527,,spiderman    no    way    home    t    co    wiohyyjv    z,
528,,Letonnai no way home tait rinc and they have you credibility of Strange and May the only thing well is the spid t co jqqb bpo s,
529,,new    tumblr    post    t    co    wlyncbnbdw    spiderman    no    way    home,
530,,Paola Menchaca wears spiderman no was home truth,
531,,Letonnai j silent more hype by The Batman than by Spiderman no Way Home,
532,,Uncharted Robbie I feel that Disney made the Spiderman No Way Home movie because Sony or Tog Tow Pwrnp F A,
533,,marvel    spider    man    no    way    home    review    by    con    t    co    e    hq    ek    gx    spidermannowayhome    spiderman    marvel    sundaythoughts    sundayfunday,
534,,jinho    failed    to    guess    parasite    lalaland    and    spiderman    no    way    home    why    is    he    like    this,
535,,Jojo still doesn't know Spider Man no Way Home Pentagon Private Party Day Pentagon Pentagon Private Party PPP,
536,,hongseok    s    gon    na    be    so    upset    like    damn    jinho    we    married    i    watch    that    movie    literally    every    other    day    and    you    can    t    t    co    p    dpehwopk,
537,,spiderman    no    way    home    hahaha,
538,,ah    spiderman    no    way    home,
539,,spider man no way home,
540,,spider man no way home,
541,,Spiderman no was home an impossible dream made a reality t co Dygilw II through spidermannowayhome cinemas,
542,,spider man no way home,
543,,It seems that Marvel's official website confirms that the Daredevil series is Canon in the MCU in the Biography of T CO Xifksp XQ,
544,,Trosky has long seen them and I love Spiderman but not at least that of Far From Home Tena enough t co n g gqbaio,
545,,Yesterday Spiderman no Way Home looked after I was spoiled for half a year that I have now been n t co yflwaa edx,
546,,benzefrank spider man no way home interstellar passengers dune bad boys for life shutter island,
547,,also    spiderman    no    way    home    is    jus    lilo    and    stitch    the    series,
548,,marvel    spider    man    no    way    home    review    by    con    t    co    e    hq    ek    gx    spidermannowayhome    spiderman    marvel    t    co    h    cuasx    t,
549,,spiderman    no    way    home    t    co    ks    s    y    b,
550,,"Since I saw Spiderman no Way Home, I have the phrase of MJ and the Tom as a motto of my life to wait a disappoint",
551,,spiderman no way home isn't that bad y'all are just dramatic,
552,,Yara Wayne I think everyone comes with the highlights of high high after seeing Spiderman no Way Home and that's why T Co Pae C Lenu,
553,,theway    in    which    i    am    watching    the    ending    of    spiderman    no    way    home    and    its    making    me    x    more    depressed    than    i    already    am    lmfao,
554,,merielmyers    the    lost    daughter    is    well    acted    emotional    thoughtful    but    depressing    the    duke    is    light    and    funny    wit    t    co    vyfhgpwacx,
555,,i    want    spiderman    no    way    home    to    finally    come    out    on    bluray    so    i    can    watch    it    legally    i    love    movies    with    no    obvio    t    co    qii    gck    i,
556,,spiderman    no    way    home    rain    scene    green    screen    t    co    plm    y    ryid,
557,,spidermannowayhome    final    sawing    this    bgm    prompts    you    to    listen    to    it    again    and    again    in    the    scene    where    three    s    t    co    xfvzrqrnsq,
558,,just    watched    no    way    home    spiderman    s    a    joke,
559,,cmoon    no    way    homes    humor    is    juvenile    it    has    nothing    interesting    or    novel    to    say    about    spiderman    has    no    substa    t    co    zr    aasyi    i,
560,,I have the feeling that the Thor Love and Thunder trailer will leave as an advance in the post credits scene,
561,,jumpoutthaface    eh    i    mean    it    does    but    i    do    have    my    problems    with    it    obviously    it    takes    place    around    the    same    time    t    co    hghnqgurtt,
562,,spider man no way home was so good,
563,,i    loved    the    part    in    spiderman    no    way    home    where    venom    and    lizard    had    sex    t    co    orfc    zrt    u,
564,,ngl    i    think    marvelstudios    officially    confirmed    daredevil    as    a    part    of    the    marvel    cinematic    universe    t    co    wto    qexms,
565,,if    this    flops    i    m    gon    na    rewatch    spiderman    no    way    home    srs    t    co    kmkb    pckqp,
566,,legitonejc    comicfanatic    wandaslizzie    fr    they    edited    andrew    and    toby    s    spiderman    out    of    the    no    way    home    trailer    t    co    msqny    ri    q,
567,,"Marevla Chumeltorres I tell you the Mayora who says that she is bad, it is why they expected to see Algn Spiderman or the T co Sx Sxliyi",
568,,spiderman    no    way    home    actually    very    glad    i    saw    this    definitely    the    most    interesting    and    daring    of    the    mcu    spid    t    co    feqlhbzepx,
569,,you    thought    getting    tickets    for    spiderman    no    way    home    was    rough    buckle    up    cause    mom    ticket    sale    is    coming,
570,,so    i    watched    spiderman    no    way    home,
571,,my    top    five    list    of    the    first    things    i    saw    this    year    spider    man    no    way    home    the    empty    man    coda    the    mi    t    co    xakukhl    i,
572,,disneyplus my spider man no way home will be available soon,
573,,As soon as you see Spiderman no Way Home Le toug,
574,,axl kss at last raised the review to Spiderman no was home aaaaaaa,
575,,tamil hollywood spider man no way home,
576,,they    call    you    crybaby    spiderman    peter    parker    fancam    crybaby    melanie    martinez    marvel    edit    mcu    petermj    no    way    home    t    co    tjmg    vyiba,
577,,"It's really late, I just watched Spiderman no way home wkwkwk at that time pretentious",
578,,onslaughtrush    omg    i    love    this    also    who    plays    the    villains    from    spiderman    no    way    home    in    sonic    no    way    home    green    t    co    vn    tm    ctm,
579,,just    saw    spiderman    no    way    home    finally    that    was    an    amazing    movie    that    was    done    perfectly,
580,,i    just    watched    spiderman    no    way    home    and    i    am    not    okay,
581,,finally watched spiderman no way home to finish watching the minutes that i didn't have spoiled,
582,,From the best to the worst spiderman movie according to my opinion Spiderman Spiderman no Way Home Spiderman Mile Mor T CO NU Sop Tu tu Tu Tu Tu Tu Tu Tu Tu,
583,,spiderman    no    way    home    with    andrew    garfield    tobeymaguire    amp    tomholland    is    a    triple    treat    t    co    xv    ycogvy,
584,,gut fuzz spider man no way home,
585,,vgdiegazo    joncomms    i    do    n    t    even    know    kingpins    back    story    and    i    honestly    forgot    about    doctor    oc    being    in    the    movi    t    co    we    q    igr    d,
586,,just    watched    spiderman    no    way    home    thank    goodness    they    explained    the    webs    i    no    longer    have    to    be    irked    by    that,
587,,Soyzalomon Ac Ando I'm watching Spiderman no Way Home with my sister,
588,,finished    watching    spiderman    no    way    home    i    did    n    t    think    i    d    see    the    doc    ock    appeal    but    uhhhhhhhhhhhh    t    co    mhegxb    ef,
589,,Cbominv I rarely find a girl like Venom and I am also easy to be Venom whose last opponent is Spiderman in T Co MC VMW OIY,
590,,what    the    f    mannn    and    i    am    yet    to    watch    spiderman    no    way    home    t    co    uap    flociq,
591,,in    the    mcu    when    spidey    has    a    final    battle    with    a    villain    you    know    he    had    a    confrontation    legit    in    every    final    t    co    q    mvizzwwj,
592,,my    favorite    part    of    spiderman    no    way    home    is    the    fact    that    venom    showed    up    in    the    universe    got    drunk    at    a    bar    then    left,
593,,Very sad Spiderman no Way Home,
594,,live so i luv ahhhh im making spider man no way home ending more sadder than it needs to be for jay,
595,,march    spiderman    no    way    home    really    late    to    the    party    but    i    finally    watched    this    movie    and    was    honestly    blown    away    t    co    v    yr    by,
596,,spider man no way home with the boys dr crabs zippy zuko spiderman t co qhgk ffab,
597,,Marvellatin then with homecoming and no way home s arrangl the last stumbles of Sony haha from Spiderman and t co Hoekhmvvqu,
598,,Innottinghill the series were from Netflix and left them as part of the same temporal line of Spiderman no way h t co sys vbyixd,
599,,papivacci spider man no way home,
600,,denisermast    also    take    care    of    yourself    i    just    watched    spiderman    no    way    home    and    i    was    so    impressed    by    willem    d    t    co    euahypbmhn,
601,,I'm not a film critic or anything but Spiderman no Way Home dialogues were terrible,
602,,captain america the winter soldier the batman and spider man no way home t con dol bls,
603,,spiderman    no    way    home    pt    dr    strange    sequel    pts    old    cast    of    prev    spidey    shows    feel    like    they    did    n    t    exploit    th    t    co    svp    yn    fzo,
604,,Ok I already have it all spasted but I'm going to see Spiderman no Way Home,
605,,i    cant    find    that    one    spiderman    gif    with    the    peter    tingle    in    no    way    home,
606,,my    husband    watching    spider    man    no    way    home    i    can    t    stand    spiderman    t    co    pbbyagrezf,
607,,After a thousand years I'm going to dignity to see Spiderman no Way Home and I know that surely I suffer but well in some t co pte f,
608,,spider man no way home es una mierda you can't change my mind,
609,,days    until    we    can    own    the    physical    copy    of    spider    man    no    way    home    on    k    t    co    gxps    q    a    best    buy    ste    t    co    aeombzusx,
610,,UGM FESS I plan to watch Fantastic Beast Spiderman no Way Home Drakor Business Proposal Enchant T Co Esvdm Spge,
611,,i    just    finished    watching    spiderman    no    way    home    it    was    a    fun    movie    it    s    actually    spiderman    s    fault    his    aunt    died    t    co    umdinwvbx,
612,,spencer    old    spiderman    no    way    home    halloween    kills    t    co    humndwr    rd,
613,,Spoiler Morbius at the end of Spiderman no Way Home Venom materializes in a bar in the universe of Tom Holl t co vabo zgyzg,
614,,HBOMAX Their premiere dates on the platform are truly an desception.,
615,,will    doctor    strange    multiverse    of    madness    be    better    than    spiderman    no    way    home,
616,,that you want to come out The Amazing Spiderman Perooo without doing a thing equally bad than morbius and venom t co k wwkapx,
617,,I want spiderman memes no was home please my soul needs it,
618,,From this moment I am going to throw tweets with Morbius spoilers related to the so anticipated P t co and tk ksmog,
619,,Segond Baptiste Ales Midoriya Mdr then a c is the best avengers endgame more h of film how many min t co t rnj nqz,
620,,HBO MAX THE WHEN SPIDERMAN NO WAY HOME IN HBO,
621,,Spiderman no Way Home has good ideas and seeing things from the previous Mola movies is the best of those of the UCM t co C sr bp,
622,,I just watched Spiderman no way home for the second time suddenly and this film is really good,
623,,I m watching spiderman no was home and I love you very much Alfred Molina,
624,,bohodayz    ticktickboom    i    d    put    it    on    my    list    because    lin    had    directed    it    slightly    more    interested    when    i    found    ou    t    co    jsirl    gdcn,
625,,The Marvel Official Website confirms that Spider Man No Way Home Matt Mudorck is the same as that of the S T co Yy Byjfozu,
626,,No drugs brings me back the feeling of seeing Spiderman in Way Home for the first time,
627,,all    the    bennythebull    mascots    or    spidermanmovie    no    way    way    home    some    tell    strange    to    close    the    portal    t    co    ljxfz    lluv,
628,,I love how in Spiderman no was home they adapted one of the most violent and icnic stages of the character by t -,
629,,I began to cry watching a video of Spiderman no Way Home,
630,,i    like    how    now    that    spider    man    no    way    home    happened    the    punchline    to    every    non    sequel    marvel    movie    will    be    oh    yeah    fuck    spiderman,
631,,finally    got    round    to    watching    spiderman    no    way    home    i    was    not    emotionally    prepared    blubbering    my    eyes    out    now    t    co    urayjcumpu,
632,,Racconsuarez that's why I feel that Sony must already give Spiderman's rights to Marvel Studios since Gra t co Amts X HNL,
633,,I still don't overcome Spiderman no Way Home,
634,,remember    when    no    way    home    came    out    and    suddenly    everyone    pretended    tasm    wasn    t    complete    garbage    strange    times    spiderman,
635,,ah    yes    watching    spiderman    no    way    home    on    my    way    home    from    work    t    co    cc    pn    bgin,
636,,watched    no    way    home    again    and    yea    willem    dafoe    is    the    best    a    spiderman    villain    is    ever    gon    na    get,
637,,not    me    crying    on    this    plane    three    free    wines    deep    while    watching    spiderman    no    way    home,
638,,dxd x best reveals since spider man no way home trailer,
639,,I saw Spiderman no way home I am not sr of what I think,
640,,spiderman    no    way    home    the    amazing    spiderman    andrew    garfield    tobey    maguire    tom    holland    gwen    stacy    mj    mary    jane    mcu    e    t    co    cnyq    myuu,
641,,Auronplay make a auron meme looking,
642,,The death of the May ta in Spiderman no Way Home is from the most anti -limitic deaths and that they have imprisoned me less,
643,,Spiderman no Way Home viewed with mamaconeja the truth the best Spiderman movie that I've seen has shown me m t co hdwotyuda,
644,,Nuevovideo t co Co Avyzdo Clq me cost a band but I finished spiderman no toy home the good thing to me.,
645,,spiderman    no    way    home    t    co    h    zahu    zce,
646,,just    got    out    of    the    theater    from    watching    spiderman    no    way    home    it    was    great,
647,,spiderman    no    way    home    t    co    jincb    dsi,
648,,bashful eye spider man homecoming far from home e no way home soprattutto per le scene post credit,
649,,After seeing my best video so far although I can improve I am excited about what my problem is coming.,
650,,I have reviewed no Way Home and do not know how I regret what I am going to say too much Marvel humor that spoils e t co zykacs xg,
651,,hbomaxnewslatal best put to Spiderman no way to Venom venom pa q cuo,
652,,movies    about    the    multiverse    everything    everywhere    all    at    once    gt    gt    gt    spiderman    no    way    home,
653,,Marvel Buhardilla Capitn Amrica Civil War Doctor Strange Guardians of the Iron Man Spiderman No Way Home,
654,,ooc    so    yesterday    my    mom    bought    spiderman    no    way    home    on    both    vudu    fandango    amp    the    apple    tv    app    me    amp    my    got    to    watc    t    co    vjqsltog    v,
655,,Yesterday I was very badly out of the stamina I took off the day off and we watched Spiderman in the way home and then red t co fmgys mi r,
656,,On the plane I was able to look at a spiderman no way home and the eternal and everything by drinking pure wine take t co zmf liszpq,
657,,A few days ago I see no Way Home and I still say that it is not much the only chido are the villains and the t t co ke ievzs,
658,,how    could    this    be    true    andrew    literally    says    in    no    way    home    that    he    has    never    fought    an    alien    and    venom    clearly    ha    t    co    cfsqcunvou,
659,,why did no one tell me spiderman no way home isn't just some silly little movie u can watch to have a good time im broken,
660,,time    for    my    th    time    of    watching    spider    man    no    way    home    this    time    nd    time    on    a    delta    flight    i    m    so    happy    ri    t    co    w    rtbfu,
661,,no way home was so good my brother finally stopped rewatching spider man obsessively after years of ignoring n t co vnc klcc,
662,,View of Spiderman no Way Home I still think that it is a movie that goes straight to the potato,
663,,chinese    takeaway    followed    by    a    fat    bowl    of    ice    cream    then    snuggling    under    the    blanket    to    watch    spiderman    no    way    ho    t    co    hhm    k    vkrc,
664,,spiderman    no    way    home    probably    my    favorite    mcu    movie    despite    having    absolutely    zero    history    with    the    andre    t    co    xczwgm    le,
665,,jenna worldview spider man no way home,
666,,sisterfelipes    disney    you    know    what    movie    i    like    spiderman    bc    your    dad    is    no    way    home,
667,,spider    man    no    way    home    is    one    of    my    favourite    spider    man    films    ever    spidermanmovie    spidermannowayhome,
668,,finally    watching    the    movie    spiderman    no    way    home,
669,,I every time Willem Dafoe comes out in Spiderman no Way Home T co P Lohmann,
670,,Omg Spiderman No Way Home On Sky Primafila so it means in a little bit on demand t co pjt qqrlb,
671,,how    no    way    home    finally    fixed    peter    parker    spiderman    spidermannowayhome    t    co    pccw    hqhvk    via    youtube,
672,,hzjoetv shak unpopular opinion spider man no way home wasn't deserved the hype it got,
673,,What I like most about comic book Movies is superhero mashup as they integrate their forces and po etuiiben i,
674,,I saw spider man no way home after months what to say I didn't understand if I liked hahaha,
675,,spider man no way home had me crying like a baby,
676,,was    watching    no    way    home    with    my    sisters    then    realized    how    much    that    nigga    was    spittin    nowayhome    t    co    wdvw    wsh    a,
677,,finally    seen    spiderman    no    way    home    and    wow    wow    wow    what    a    film    and    the    most    incredible    performances    by    all    the    cas    t    co    egofxycadd,
678,,don    t    mind    me    just    crying    my    eyes    out    at    the    end    of    spiderman    no    way    home,
679,,Doctor Strange is one of the most anticipated films of this after Spiderman no Way Home left l t co Kzgz rl ls,
680,,Spiderman no Way Home scene where Andrew's spider saves MJ makes me cry,
681,,rewatched    spiderman    no    way    home    for    the    first    time    it    landed    better    this    time    the    emotional    beats    landed    better    t    t    co    cfyky    ujr,
682,,how    is    this    movie    gon    na    be    shorter    than    spiderman    no    way    home    t    co    x    w    vvwlzf,
683,,robert    pattinson    is    literally    the    batman    no    way    home    made    me    realise    why    spiderman    is    so    beloved    and    this    did    the    same    for    me    with    batman,
684,,i    have    an    unhealthy    obsession    with    spiderman    no    way    home    this    shit    is    not    normal    anymore,
685,,so    spiderman    no    way    home    that    happened    o    o,
686,,no    no    no    no    way    home    is    n    t    better    than    spiderman    t    co    fhuqlrhkrv,
687,,amir amir actufoot aprs spider man no way home decouvrez spider algerian stay at home,
688,,Danybanegas Galabra is now because it is not progressive and not that mother is not t co ldnjjwll l,
689,,spiderman    no    way    home    is    now    on    telegram    t    co    ottkdehtj,
690,,normiezbp    politothomas    the    director    himself    called    the    suicide    squad    a    soft    reboot    so    that    by    definition    makes    it    t    co    iwlhrjazv,
691,,Lazuladas Indawyvern Killeen Silent Meydon Krous Cry Alexa I'm watching Spiderman no Way Home on my TV C Wae Pygu,
692,,Chiaki is thrown one hour or two conversations explaining things about Super Hroes or explaining why chronol t co a znyhvs i,
693,,spider man no way home izle sin bakalm,
694,,Spider Man no Way Home was not a great movie but Memes got it right,
695,,zack    snyder    justice    league    dune    spiderman    no    way    home    the    batman    tenet    t    co    spwiear    yb,
696,,Process to see Spiderman no Way Home,
697,,ceratos    well    they    could    be    hiding    cast    like    spiderman    no    way    home    but    the    dead    actors    and    dead    characters    t    co    uzq    k    qugs,
698,,went    to    the    movies    for    the    st    time    in    years    amp    not    only    found    that    regal    switched    from    coke    to    pepsi    but    that    t    co    feogkeefjo,
699,,sarch    e    nah    fr    cause    these    new    spiderman    movies    would    be    over    in    minutes    like    the    whole    peter    giving    the    glas    t    co    ylekx    djar,
700,,I wanted to upload a Spiderman no Way Home video and I get visits t co jwnvivihe,
701,,juanito say spider man no way home version disney,
702,,i    ve    watched    spiderman    no    way    home    and    the    loki    series    what    s    the    difference    between    the    spidermen    from    alt    univer    t    co    gjsrybggkc,
703,,Miren Friends in Way Home The surpassed enroll tomatoes to DBS Broly Spiderman Dragonballsuper T Co U Aznsxeg,
704,,AFCTQ Good evening I try my luck with great pleasure my spiderman prfr c is no way home thank you,
705,,venom spider man no way home morbius bruh the only good movie here is the one marvel disney did for them,
706,,deep    down    we    all    know    spiderman    no    way    home    is    not    that    nice    we    went    to    watch    because    of    tobey    maguire,
707,,it    is    not    the    spiderman    no    way    home    they    think    it    is,
708,,a    little    light    reading    for    spring    break    of    books    spiderman    no    way    home    will    start    promptly    at    pm    t    co    r    tuiss    i,
709,,crosimmer    true    but    considering    that    venom    will    likely    join    the    mcu    as    a    superhero    mid    credits    of    no    way    home    e    t    co    rpuq    gu,
710,,harry's favorite characters are spider man star lord and my favorite movie is probably no way home or guardians of the galaxy volume,
711,,Soplox Raphaelwithanf Elgranqenk More or less no Way Home is a restart could have been avoided from civilian t co g keq n oa,
712,,i knew spider man no way home was going to hurt my feelings but oh my god it hurt all of them t co to llp lp,
713,,Spiderman no was home sponsors this space t co x uszrarm,
714,,just    watched    spiderman    no    way    home    and    yep    its    spiderverse    and    multiverse    gold    t    co    pttnljwvoa,
715,,cineplexmovies    please    don    t    make    us    wait    like    spiderman    no    way    home    and    tell    us    when    we    can    buy    tickets    for    t    co    dmhakffsgt,
716,,spiderman    no    way    home    on    dvd    amp    blu    ray    april    release    date    in    stores    t    co    kykkoozqgl,
717,,bestvyaars ah okay I thought you follow Marvel even beyond spiderman you think that just before returning to Italy T Co Unsiuj B,
718,,jeremy mom didn't like spider man no way home,
719,,spider man no way home,
720,,keiran    ign    they    have    made    all    spiderman    movies    like    no    way    home    that    had    broken    many    records    under    a    pandemic,
721,,is catalina spider man no way home,
722,,Lokihdleston Spiderman for Way Home T co Oly,
723,,sonic    gt    spiderman    no    way    home,
724,,i find it stupid that sonypictures and marvelstudios do n o t allow you to rent spiderman movie no way home,
725,,andrew    i    m    an    unusual    two    towers    stan    it    will    always    have    my    heart    i    like    iron    man    and    the    first    aven    t    co    c    j    axauor,
726,,mcu    direct    movies    like    this    or    spiderman    no    way    home    i    would    be    more    than    happy    if    it    was    like    hours    damn    t    co    h    gbmpbwjn,
727,,Lesdossiersgeek They just wanted we are hype pck we saw no way home sudden,
728,,watched    spiderman    no    way    home    it    was    kinda    boring    after    the    start,
729,,Imagine to believe that Spiderman no Way Home was a bad movie,
730,,and put a couple of references in the post credit to the recent great xito of these two producers Spiderman no Way Home,
731,,spider man no way home internete dm,
732,,AFCTQ Hello I try my luck with great pleasure my spiderman prfr c is no way home thank you,
733,,save    the    date    join    us    tuesday    pm    to    pm    et    pm    pt    to    celebrate    with    prizes    the    k    ultra    hd    bl    t    co    fk    n    o    ngp,
734,,are    we    ready    for    this    discussion    spiderman    no    way    from    home    is    so    bang    average    maybe    one    of    the    worst    spiderma    t    co    ka    imsshjx,
