,text,Label,created_at
0,i cant believe what was the last chapter of peaky blinders fnlksdasd i am like when i left the cinema after t co or c xewgut,,
1,los grammys son min spider man no way hom,,
2,and to this it is added that spiderman to trado more bad times to garfield that any other project does not go home no t co iqcg mwzq,,
3,i dont understand why egg wants to put andrew garfield with more relevance that he has in no way home is t t co vbwyrkxub,,
4,blackbooken thonymagio stripmarvel actually yes and not since in the post -wa t chords scene no wa t co j s c wcpn,,
5,why did watching spiderman no way home make me cry so damn much,,
6,altsoggypickles i always appreciated him i loved the first amazing spiderman movie the second one has its proble t co x rzuxgh,,
7,now that spider man no way home has been out for a while do you think mysterio is dead or alive mysterio t co ugz zx eth,,
8,substance is leon the professional aka the professional pulp fiction american sniper spiderman no way home the godfath,,
9,yihirm this is like when they asked andrew garfield if he was going to go on the spiderman no way home movi,,
10,just rewatched spiderman no way home and made my parents watch it for the first time still my favourite movie the t co azbvvzeefr,,
11,t crying seeing spiderman in the way home i am,,
12,hot take sonic the hedgehog gt spiderman no way hom,,
13,paul trqs no in no way home is more pious because the film is less serious that of spiderman remains mie t co ali mbjdei,,
14,fightontwist poklanenl is it true you lied about the spiderman no way home release d,,
15,stereoversion even then that does n t seem to be enough for true buffs there are so many movies that did n t get rec t co ngto vugq,,
16,screenmix spiderman no way hom,,
17,morbiuss main problem is spiderman no way home tri,,
18,well that did n t take long marvel scrubbed the spiderman no way home info from the daredevil profile that we t co zodec xkf,,
19,lmagensfoda q phenix what this is looking like spiderman cracks in the way home t co bksrkl dq,,
20,gilligan spider man no way hom,,
21,phasezero forget about spider man no way home trailers its april and we still have no thor love and thunder trail,,
22,here thinking tom holland wants to leave spidermans role in just when his spiderman finds the path of h t co nvdeua c,,
23,we ve been through this with spiderman no way home t co tbi skhe c,,
24,whenbatmenfly iamnoahflores they did that for no way home and fans still found daredevil and where they edited the other spiderman out,,
25,lmao spiderman no way home is so dumb lol im like halfway through,,
26,impossible that spiderman no way home does not end with a song,,
27,someone presents me with the digital version of spider man on way home pleas,,
28,long damn delay on this one t co qlk hdcguk spider man no way home spoiler discussion on movies vs films spiderman marvel,,
29,i cant believe that i will see now spiderman no way home and without having made spoil,,
30,raveryn amzingshite no way home is a fucking mess it s fan service with plot just people appearing from past t co stnuyifgv,,
31,spidermans premiere no was home t co z cbetb b,,
32,but it is not very ready and sometimes it gives others the postcredit scenes you will only understand if you have seen the aetfr,,
33,i just watched spiderman no way home a little late but shhh i was waiting til i can pirate it in hd but it s been t co en a apkh,,
34,there are still people who think that spiderman no way home is a bad movie but ptdr the catastrophiqui t co nygo rywgr review,,
35,millardayo spiderman no way hom,,
36,rebecavazg spiderman no way home est sper entertain,,
37,proceeding to the gueration of spiderman no way home and are in a valley of tear,,
38,watching spiderman no way home with my family today,,
39,hey yall if you re a big time spider man fan like me i highly recommend you go through this amazing tweet thread t co itut umdhx,,
40,pepperoceanna spiderman no way home great movi,,
41,bamagirl eva will be hard to top spiderman no way home though,,
42,squirrel no way home could not be popular if it could not be popular batmanin this kadae nne could not be able to go two would be close t co svejxgp sf,,
43,weekend to watch spider man no way spider man movies a new universe and tobey triloga,,
44,made a mistake when i posted my spiderman tweet mixed the movies up because i m a dumbass shows what i know about t co eukxw jbr,,
45,one is the promotional pster of spiderman no way home in the digital version and the other uses it as a wall background t co kopghifuoi,,
46,originalfunko wondercon life is a beach especially when you haven t released spiderman no way home wave t co f zrzmlgcz,,
47,people tend to forget that surprising audiences by returning characters with no previous anouncements is a marketing t co gatxz l,,
48,ftogive alipoke auramaster well surprising audiences is a marketing tactic as well literally what they did t co w iyhtuhfz,,
49,not gon na lie if you take out the nostalgia bait as fun as it was spiderman no way home is easily the worst of t co isezm guwl,,
50,i cant believe what was the last chapter of peaky blinders fnlksdasd i am like when i left the cinema after t co or c xewgut,,Sun Apr 03 23:57:17 +0000 2022
51,los grammys son min spider man no way hom,,Sun Apr 03 23:49:54 +0000 2022
52,and to this it is added that spiderman to trado more bad times to garfield that any other project does not go home no t co iqcg mwzq,,Sun Apr 03 23:40:58 +0000 2022
53,i dont understand why egg wants to put andrew garfield with more relevance that he has in no way home is t t co vbwyrkxub,,Sun Apr 03 23:39:15 +0000 2022
54,blackbooken thonymagio stripmarvel actually yes and not since in the post -wa t chords scene no wa t co j s c wcpn,,Sun Apr 03 23:36:04 +0000 2022
55,why did watching spiderman no way home make me cry so damn much,,Sun Apr 03 23:27:07 +0000 2022
56,altsoggypickles i always appreciated him i loved the first amazing spiderman movie the second one has its proble t co x rzuxgh,,Sun Apr 03 23:25:30 +0000 2022
57,now that spider man no way home has been out for a while do you think mysterio is dead or alive mysterio t co ugz zx eth,,Sun Apr 03 23:24:33 +0000 2022
58,substance is leon the professional aka the professional pulp fiction american sniper spiderman no way home the godfath,,Sun Apr 03 23:18:17 +0000 2022
59,yihirm this is like when they asked andrew garfield if he was going to go on the spiderman no way home movi,,Sun Apr 03 23:11:09 +0000 2022
60,just rewatched spiderman no way home and made my parents watch it for the first time still my favourite movie the t co azbvvzeefr,,Sun Apr 03 23:08:19 +0000 2022
61,t crying seeing spiderman in the way home i am,,Sun Apr 03 23:07:29 +0000 2022
62,hot take sonic the hedgehog gt spiderman no way hom,,Sun Apr 03 23:07:25 +0000 2022
63,paul trqs no in no way home is more pious because the film is less serious that of spiderman remains mie t co ali mbjdei,,Sun Apr 03 23:06:34 +0000 2022
64,fightontwist poklanenl is it true you lied about the spiderman no way home release d,,Sun Apr 03 23:03:20 +0000 2022
65,stereoversion even then that does n t seem to be enough for true buffs there are so many movies that did n t get rec t co ngto vugq,,Sun Apr 03 23:01:55 +0000 2022
66,screenmix spiderman no way hom,,Sun Apr 03 22:57:45 +0000 2022
67,morbiuss main problem is spiderman no way home tri,,Sun Apr 03 22:52:06 +0000 2022
68,well that did n t take long marvel scrubbed the spiderman no way home info from the daredevil profile that we t co zodec xkf,,Sun Apr 03 22:51:33 +0000 2022
69,lmagensfoda q phenix what this is looking like spiderman cracks in the way home t co bksrkl dq,,Sun Apr 03 22:30:06 +0000 2022
70,gilligan spider man no way hom,,Sun Apr 03 22:27:48 +0000 2022
71,phasezero forget about spider man no way home trailers its april and we still have no thor love and thunder trail,,Sun Apr 03 22:13:34 +0000 2022
72,here thinking tom holland wants to leave spidermans role in just when his spiderman finds the path of h t co nvdeua c,,Sun Apr 03 22:11:49 +0000 2022
73,we ve been through this with spiderman no way home t co tbi skhe c,,Sun Apr 03 22:09:35 +0000 2022
74,whenbatmenfly iamnoahflores they did that for no way home and fans still found daredevil and where they edited the other spiderman out,,Sun Apr 03 22:00:32 +0000 2022
75,lmao spiderman no way home is so dumb lol im like halfway through,,Sun Apr 03 21:58:55 +0000 2022
76,impossible that spiderman no way home does not end with a song,,Sun Apr 03 21:47:04 +0000 2022
77,someone presents me with the digital version of spider man on way home pleas,,Sun Apr 03 21:46:51 +0000 2022
78,long damn delay on this one t co qlk hdcguk spider man no way home spoiler discussion on movies vs films spiderman marvel,,Sun Apr 03 21:46:37 +0000 2022
79,i cant believe that i will see now spiderman no way home and without having made spoil,,Sun Apr 03 21:43:34 +0000 2022
80,raveryn amzingshite no way home is a fucking mess it s fan service with plot just people appearing from past t co stnuyifgv,,Sun Apr 03 21:39:57 +0000 2022
81,spidermans premiere no was home t co z cbetb b,,Sun Apr 03 21:35:11 +0000 2022
82,but it is not very ready and sometimes it gives others the postcredit scenes you will only understand if you have seen the aetfr,,Sun Apr 03 21:34:24 +0000 2022
83,i just watched spiderman no way home a little late but shhh i was waiting til i can pirate it in hd but it s been t co en a apkh,,Sun Apr 03 21:30:59 +0000 2022
84,there are still people who think that spiderman no way home is a bad movie but ptdr the catastrophiqui t co nygo rywgr review,,Sun Apr 03 21:29:05 +0000 2022
85,millardayo spiderman no way hom,,Sun Apr 03 21:26:31 +0000 2022
86,rebecavazg spiderman no way home est sper entertain,,Sun Apr 03 21:25:21 +0000 2022
87,proceeding to the gueration of spiderman no way home and are in a valley of tear,,Sun Apr 03 21:24:48 +0000 2022
88,watching spiderman no way home with my family today,,Sun Apr 03 21:22:57 +0000 2022
89,hey yall if you re a big time spider man fan like me i highly recommend you go through this amazing tweet thread t co itut umdhx,,Sun Apr 03 21:22:28 +0000 2022
90,pepperoceanna spiderman no way home great movi,,Sun Apr 03 21:20:44 +0000 2022
91,bamagirl eva will be hard to top spiderman no way home though,,Sun Apr 03 21:18:57 +0000 2022
92,squirrel no way home could not be popular if it could not be popular batmanin this kadae nne could not be able to go two would be close t co svejxgp sf,,Sun Apr 03 21:13:04 +0000 2022
93,weekend to watch spider man no way spider man movies a new universe and tobey triloga,,Sun Apr 03 21:11:53 +0000 2022
94,made a mistake when i posted my spiderman tweet mixed the movies up because i m a dumbass shows what i know about t co eukxw jbr,,Sun Apr 03 21:05:34 +0000 2022
95,one is the promotional pster of spiderman no way home in the digital version and the other uses it as a wall background t co kopghifuoi,,Sun Apr 03 20:54:24 +0000 2022
96,originalfunko wondercon life is a beach especially when you haven t released spiderman no way home wave t co f zrzmlgcz,,Sun Apr 03 20:48:05 +0000 2022
97,people tend to forget that surprising audiences by returning characters with no previous anouncements is a marketing t co gatxz l,,Sun Apr 03 20:47:44 +0000 2022
98,ftogive alipoke auramaster well surprising audiences is a marketing tactic as well literally what they did t co w iyhtuhfz,,Sun Apr 03 20:46:00 +0000 2022
99,not gon na lie if you take out the nostalgia bait as fun as it was spiderman no way home is easily the worst of t co isezm guwl,,Sun Apr 03 20:45:01 +0000 2022
100,so the spiderman has way homesyy,,Sun Apr 03 20:42:09 +0000 2022
101,finally i put the batteries with spiderman give me the holland and i looked no was home atrixxxx,,Sun Apr 03 20:34:50 +0000 2022
102,adairon i watched spiderman no way home yesterday absolutely loved it had some gripes with bits and some story t co jc pqfrtyj,,Sun Apr 03 20:31:16 +0000 2022
103,spiderman no way home and type that house no ghe rivo,,Sun Apr 03 20:31:01 +0000 2022
104,my father watching spider man no way home scene but thats not the black i is venom,,Sun Apr 03 20:28:49 +0000 2022
105,i just watched spiderman no way home with my fath,,Sun Apr 03 20:27:41 +0000 2022
106,teepu sahab spider man no way hom,,Sun Apr 03 20:27:00 +0000 2022
107,dragon brother spiderman no way home review will we want ok,,Sun Apr 03 20:26:16 +0000 2022
108,i imagine that shibuya multivrse run map does not serve for fevering because it is too set in t cqgj zxlyx,,Sun Apr 03 20:22:36 +0000 2022
109,just bought spiderman no way home t co kvgrfmdl x,,Sun Apr 03 20:19:48 +0000 2022
110,just finished spiderman no way home and i am not okay,,Sun Apr 03 20:17:09 +0000 2022
111,spiderman no way home is all that is fine in a movi,,Sun Apr 03 20:16:27 +0000 2022
112,sarcasm bender swfanworld steusmotus no way home is the only one to not be affected everyone went to go see t t co fe i wdfyo,,Sun Apr 03 20:15:17 +0000 2022
113,jamesameyuk waytoomuchbeer and from what i hear while no way home does bring in the other two spiderman at the t co d tcvjiscp,,Sun Apr 03 20:13:33 +0000 2022
114,morbius has guin errors that electro comes out in no way home when he has no pajolera idea of who is spiderman est,,Sun Apr 03 20:13:05 +0000 2022
115,jurassicpatt kcdrforreal discussingfilm endgame is the culmination of movies its also made for all audience t co izv bczwj,,Sun Apr 03 20:09:41 +0000 2022
116,samtheinkboy isnt that line from spider man no way home be careful what you wish for park,,Sun Apr 03 20:02:51 +0000 2022
117,people dont like morbius but he like spiderman no way home i dont understand morbius is good,,Sun Apr 03 20:02:46 +0000 2022
118,of the funniest parts of spider man no way home is when tom amp andrew realize that toby s webbing comes out of hi t co g pc ln i,,Sun Apr 03 20:02:16 +0000 2022
119,marcomaioli a nice cameo in honor of spiderman no way hom,,Sun Apr 03 19:56:49 +0000 2022
120,people have pays to go see spiderman no way home in dx everything has to make nostalgia carry this shit film t co o t pmiji,,Sun Apr 03 19:53:08 +0000 2022
121,spiderman no way home is just enjoyable for his fanservis if and forgive because my favorite movie of s t co sf gmfvybx,,Sun Apr 03 19:50:06 +0000 2022
122,spiderman no way home is now on telegram t co ottkdehtj,,Sun Apr 03 19:49:40 +0000 2022
123,taquibox work you can please when you can that of spiderman no way home i am interested in the this t co stykofqe z,,Sun Apr 03 19:37:41 +0000 2022
124,i loved the part in spiderman no way home where venom and lizard had sex t co w jtpnnbm,,Sun Apr 03 19:33:59 +0000 2022
125,kiliingfields it would most likely be both wandavision and spiderman no way home that connects to this i wouldn t t co fvwwgpsxc,,Sun Apr 03 19:33:58 +0000 2022
126,according to dr strange in infinity war he said that removing the spell from a dead man is complicated and that in spiderman no way t cowbutxvitgt,,Sun Apr 03 19:30:19 +0000 2022
127,there is a taxi with the number in spider man no way home which is the birthday of stan lee spiderman stanle,,Sun Apr 03 19:29:05 +0000 2022
128,something that many people debate that in spiderman no way home is that it would have been better for people to forgot myste t co rs nl cd,,Sun Apr 03 19:28:40 +0000 2022
129,daniel espinosa director of morbius will buy the blue ray of spiderman no way home and that a couple of t co ehd to jakr was seen,,Sun Apr 03 19:28:01 +0000 2022
130,i will love to see spiderman no way home again,,Sun Apr 03 19:19:49 +0000 2022
131,spiderman no way home shows a way that does not need a scheme but a therapist hil t co hblfguiqzi,,Sun Apr 03 19:09:45 +0000 2022
132,someone call tonight to see spidermans movie no way home or do something that im veri,,Sun Apr 03 19:05:27 +0000 2022
133,artes de andy fairhurst de spiderman no way home para sony pictures doctorstrange spiderman t co uzfo kwd c,,Sun Apr 03 19:00:09 +0000 2022
134,save the date join us tuesday pm to pm et pm pt to celebrate with prizes the k ultra hd bl t co crkl onbj,,Sun Apr 03 19:00:01 +0000 2022
135,check out funko pop molten man vinyl bobble head funko t co rglyz ln via ebay funko pop molten m t co crf mlkkcn,,Sun Apr 03 18:57:34 +0000 2022
